1|01.12.2022-06.12.2022,15.02.2023-16.02.2023,01.04.2023-04.04.2023,01.05.2023-04.05.2023,05.05.2023-08.05.2023,08.05.2023-10.05.2023,14.05.2023-16.05.2023,17.05.2023-27.05.2023,02.06.2023-07.06.2023,07.06.2023-23.06.2023,13.06.2023-15.06.2023,24.06.2023-01.07.2023,03.07.2023-09.07.2023,09.07.2023-12.07.2023,13.07.2023-18.07.2023
2|04.04.2023-30.04.2023,20.04.2023-30.04.2023,13.06.2023-17.06.2023,19.06.2023-22.06.2023,22.06.2023-27.06.2023,27.06.2023-01.07.2023,05.07.2023-09.07.2023
3|01.03.2023-05.03.2023,19.04.2023-02.05.2023,13.06.2023-18.06.2023,19.06.2023-24.06.2023,24.06.2023-29.06.2023,01.07.2023-06.07.2023
4|27.04.2023-08.05.2023,25.04.2023-02.05.2023,14.05.2023-17.05.2023,18.05.2023-20.05.2023,21.05.2023-25.05.2023
5|14.03.2023-07.04.2023,19.03.2023-24.03.2023,25.03.2023-31.03.2023,18.05.2023-28.05.2023,29.05.2023-01.06.2023,13.06.2023-17.06.2023
6|10.02.2023-16.02.2023,17.05.2023-27.05.2023,05.05.2023-08.05.2023,04.05.2023-07.04.2023
7|
8|
9|
10|
11|
